img33.png,0
img34.png,0
img35.png,0
img36.png,0
img37.png,0
img38.png,0
img39.png,0
img40.png,0
img41.png,0
img42.png,0
img43.png,0
img44.png,0
img45.png,0
img46.png,0
img47.png,0
img48.png,0
img49.png,0
img50.png,0
img51.png,0
img52.png,0
img53.png,0
img54.png,0
img55.png,0
img56.png,0
img57.png,0
img58.png,0
img59.png,0
img60.png,0
img61.png,0
img62.png,0
img63.png,0
img64.png,0
img65.png,0
img66.png,0
img67.png,0
img68.png,0
img69.png,0
img70.png,0
img71.png,0
img72.png,0
img73.png,0
img74.png,0
img75.png,0
img76.png,0
img77.png,0
img78.png,0
img79.png,0
img80.png,0
img81.png,0
img82.png,0
img83.png,0
img84.png,0
img85.png,0
img86.png,0
img87.png,0
img88.png,0
img89.png,0
img90.png,0
img91.png,0
img92.png,0
img93.png,0
img94.png,0
img95.png,0
img96.png,0
img97.png,0
img98.png,0
img99.png,0
img100.png,0
img101.png,0
img102.png,0
img103.png,1
img104.png,1
img105.png,1
img106.png,1
img107.png,1
img108.png,1
img109.png,1
img110.png,1
img111.png,1
img112.png,1
img113.png,1
img114.png,1
img115.png,1
img116.png,1
img117.png,1
img118.png,1
img119.png,1
img120.png,1
img121.png,1
img122.png,1
img123.png,1
img124.png,1
img125.png,1
img126.png,1
img127.png,1
img128.png,1
img129.png,1
img130.png,1
img131.png,1
img132.png,1
img133.png,1
img134.png,1
img135.png,1
img136.png,1
img137.png,1
img138.png,1
img139.png,1
img140.png,1
img141.png,1
img142.png,1
img143.png,1
img144.png,1
img145.png,1
img146.png,1
img147.png,1
img148.png,1
img149.png,1
img150.png,1
img151.png,1
img152.png,1
img153.png,1
img154.png,1
img155.png,1
img156.png,1
img157.png,1
img158.png,1
img159.png,1
img160.png,2
img161.png,2
img162.png,2
img163.png,2
img164.png,2
img165.png,2
img166.png,2
img167.png,2
img168.png,2
img169.png,2
img170.png,2
img171.png,2
img172.png,2
img173.png,2
img174.png,2
img175.png,2
img176.png,2
img177.png,2
img178.png,2
img179.png,2
img180.png,2
img181.png,2
img182.png,2
img183.png,2
img184.png,2
img185.png,2
img186.png,2
img187.png,2
img188.png,2
img189.png,2
img190.png,2
img191.png,2
img192.png,2
img193.png,2
img194.png,2
img195.png,2
img196.png,2
img197.png,2
img198.png,2
img199.png,2
img200.png,2
img201.png,2
img202.png,2
img203.png,2
img204.png,2
img205.png,2
img206.png,2
img207.png,2
img208.png,2
img209.png,2
img210.png,2
img211.png,2
img212.png,2
img213.png,2
img214.png,2
img215.png,2
img216.png,2
img217.png,2
img218.png,2
img219.png,2
img220.png,2
img221.png,2
img222.png,2
img223.png,2
img224.png,2
img225.png,2
img226.png,2
img227.png,2
img251.png,2
img252.png,2
img253.png,2
img254.png,2
img255.png,2
img256.png,2
img257.png,2
img258.png,2
img259.png,2
img260.png,2
img262.png,2
img263.png,2
img264.png,2
img265.png,2
img266.png,2
img267.png,2
img268.png,2
img269.png,2
img270.png,2
img271.png,2
img272.png,2
img273.png,2
img274.png,2
img275.png,2
img276.png,2
img277.png,2
img278.png,2
img279.png,2
img280.png,2
img281.png,2
img282.png,2
img283.png,2
img284.png,2
img285.png,2
img286.png,2
img287.png,2
img288.png,2
img289.png,2
img290.png,2
img291.png,0
img292.png,0
img293.png,0
img294.png,0
img295.png,0
img296.png,0
img297.png,0
img298.png,0
img299.png,0
img300.png,0
img301.png,0
img302.png,0
img303.png,0
img304.png,0
img305.png,0
img306.png,0
img307.png,0
img308.png,0
img309.png,0
img310.png,0
img311.png,0
img312.png,0
img313.png,0
img314.png,0
img315.png,0
img316.png,0
img317.png,0
img318.png,0
img319.png,0
img320.png,0
img321.png,0
img322.png,0
img323.png,0
img324.png,0
img325.png,0
img326.png,0
img327.png,0
img328.png,0
img329.png,0
img330.png,0
img331.png,0
img332.png,0
img333.png,0
img334.png,0
img335.png,0
img336.png,0
img337.png,0
img338.png,0
img339.png,0
img340.png,0
img341.png,0
img342.png,1
img343.png,1
img344.png,1
img345.png,1
img346.png,1
img347.png,1
img348.png,1
img349.png,1
img350.png,1
img351.png,1
img352.png,1
img353.png,1
img354.png,1
img355.png,1
img356.png,1
img357.png,1
img358.png,1
img359.png,1
img360.png,1
img361.png,1
img379.png,1
img380.png,1
img381.png,1
img382.png,1
img383.png,1
img384.png,1
img385.png,1
img386.png,1
img387.png,1
img388.png,1
img389.png,1
img390.png,1
img391.png,1
img392.png,1
img393.png,1
img394.png,1
img395.png,1
img396.png,1
img397.png,1
img398.png,1
img399.png,1
img400.png,1
img401.png,1
img402.png,1
img403.png,1
img404.png,1
img405.png,1
img406.png,1
img407.png,1
img408.png,1
img409.png,1
img410.png,1
img411.png,1
img412.png,1
img413.png,1
img414.png,1
img415.png,1
img416.png,1
img417.png,1
img418.png,1
img419.png,1
img420.png,1
img421.png,1
img422.png,1
img423.png,1
img424.png,1
img425.png,1
img426.png,1
img427.png,1
img428.png,1
img429.png,1
img430.png,1
img431.png,1
img432.png,1
img433.png,1
img434.png,1
img435.png,1
img436.png,1
img437.png,1
img438.png,1
img439.png,1
img440.png,1
img441.png,1
img442.png,1
img443.png,1
img444.png,1
img445.png,1
img446.png,1
img447.png,1
img448.png,1
img449.png,1
img450.png,1
img451.png,1
img452.png,1
img453.png,1
img454.png,1
img455.png,1
img456.png,1
img457.png,1
img458.png,1
img459.png,1
img460.png,1
img461.png,1
img462.png,1
img463.png,1
img464.png,1
img465.png,1
img466.png,1
img467.png,1
img468.png,1
img469.png,1
img470.png,1
img471.png,1
img472.png,1
img473.png,1
img474.png,1
img475.png,1
img476.png,1
img477.png,1
img478.png,1
img479.png,1
img480.png,1
img481.png,1
img482.png,1
img483.png,1
img484.png,1
img485.png,1
img486.png,1
img487.png,1
img488.png,1
img489.png,1
img490.png,1
img491.png,1
img492.png,1
img493.png,1
img494.png,1
img495.png,1
img496.png,1
img497.png,1
img498.png,1
img499.png,1
img500.png,1
img501.png,1
img502.png,1
img503.png,1
img504.png,2
img505.png,2
img506.png,2
img507.png,2
img508.png,2
img509.png,2
img510.png,2
img511.png,2
img512.png,2
img513.png,2
img514.png,2
img515.png,2
img516.png,2
img517.png,2
img518.png,2
img519.png,2
img520.png,2
img521.png,2
img522.png,2
img523.png,2
img524.png,2
img525.png,2
img526.png,2
img527.png,2
img528.png,2
img529.png,2
img530.png,2
img531.png,2
img532.png,2
img533.png,2
img534.png,2
img535.png,2
img536.png,2
img537.png,2
img538.png,2
img539.png,2
img540.png,2
img541.png,2
img542.png,2
img550.png,2
img551.png,2
img552.png,2
img553.png,2
img554.png,2
img555.png,2
img556.png,2
img557.png,2
img558.png,2
img559.png,2
img560.png,2
img561.png,2
img562.png,2
img563.png,2
img564.png,2
img565.png,2
img566.png,2
img567.png,2
img568.png,2
img569.png,2
img570.png,2
img571.png,2
img572.png,0
img573.png,0
img574.png,0
img575.png,0
img576.png,0
img577.png,0
img578.png,0
img579.png,0
img580.png,0
img581.png,0
img582.png,0
img583.png,0
img584.png,0
img585.png,0
img586.png,0
img587.png,0
img588.png,0
img589.png,1
img590.png,1
img591.png,1
img592.png,1
img593.png,1
img594.png,1
img673.png,1
img674.png,2
img675.png,2
img676.png,2
img677.png,2
img678.png,2
img679.png,2
img680.png,2
img681.png,2
img682.png,2
img683.png,2
img684.png,2
img685.png,2
img686.png,2
img687.png,2
img688.png,2
img689.png,2
img690.png,2
img704.png,2
img705.png,2
img706.png,2
img707.png,2
img708.png,2
img709.png,2
img710.png,2
img711.png,2
img712.png,2
img713.png,2
img714.png,2
img715.png,2
img716.png,2
img717.png,2
img718.png,2
img719.png,0
img720.png,0
img721.png,0
img722.png,0
img723.png,0
img724.png,0
img725.png,0
img726.png,0
img727.png,0
img728.png,0
img729.png,0
img730.png,0
img731.png,0
img732.png,0
img733.png,0
img734.png,0
img735.png,0
img736.png,0
img737.png,0
img738.png,0
img739.png,0
img740.png,0
img741.png,0
img742.png,0
img743.png,0
img744.png,0
img745.png,0
img746.png,0
img747.png,0
img748.png,0
img749.png,0
img750.png,0
img751.png,0
img752.png,0
img753.png,0
img754.png,0
img755.png,0
img756.png,0
img757.png,0
img758.png,0
img759.png,0
img760.png,0
img761.png,0
img762.png,0
img763.png,0
img764.png,0
img765.png,0
img766.png,0
img767.png,0
img768.png,0
img769.png,0
img770.png,0
img771.png,0
img772.png,0
img773.png,0