img71.png,0
img72.png,0
img73.png,0
img74.png,0
img75.png,1
img76.png,1
img77.png,1
img78.png,1
img79.png,1
img80.png,1
img81.png,1
img82.png,1
img83.png,1
img84.png,1
img85.png,1
img86.png,1
img87.png,1
img88.png,1
img89.png,1
img90.png,1
img91.png,1
img92.png,1
img93.png,1
img94.png,1
img95.png,1
img96.png,1
img97.png,1
img98.png,1
img99.png,1
img100.png,1
img101.png,1
img102.png,1
img103.png,1
img104.png,1
img105.png,1
img106.png,1
img107.png,1
img262.png,0
img263.png,0
img264.png,0
img265.png,0
img266.png,0
img267.png,0
img268.png,0
img269.png,0
img270.png,0
img271.png,0
img272.png,0
img273.png,1
img274.png,1
img275.png,1
img276.png,1
img277.png,1
img278.png,1
img279.png,1
img280.png,1
img281.png,1
img282.png,1
img283.png,1
img284.png,1
img285.png,0
img287.png,1
img288.png,1
img289.png,1
img290.png,1
img291.png,1
img292.png,1
img293.png,1
img294.png,1
img295.png,1
img296.png,1
img297.png,1
img298.png,1
img299.png,1
img300.png,1
img301.png,1
img302.png,1
img303.png,1
img304.png,1
img305.png,1
img306.png,1
img307.png,1
img363.png,0
img364.png,0
img365.png,0
img366.png,0
img367.png,0
img368.png,0
img369.png,0
img370.png,0
img371.png,0
img372.png,0
img373.png,0
img374.png,0
img375.png,0
img376.png,0
img377.png,0
img378.png,0
img379.png,0
img380.png,0
img381.png,0
img382.png,0
img383.png,0
img384.png,0
img385.png,0
img386.png,0
img387.png,0
img388.png,0
img389.png,0
img390.png,0
img391.png,0
img392.png,0
img393.png,0
img394.png,0
img395.png,0
img396.png,0
img397.png,0
img398.png,0
img399.png,0
img400.png,0
img401.png,0
img402.png,0
img403.png,0
img404.png,0
img405.png,0
img406.png,0
img407.png,0
img408.png,1
img409.png,1
img410.png,1
img411.png,1
img412.png,1
img413.png,1
img414.png,1
img415.png,1
img416.png,1
img417.png,1
img418.png,1
img419.png,1
img420.png,1
img421.png,1
img422.png,1
img423.png,1
img424.png,1
img425.png,1
img426.png,1
img427.png,1
img428.png,1
img429.png,1
img430.png,1
img431.png,1
img432.png,1
img433.png,1
img434.png,1
img435.png,1
img436.png,1
img437.png,1
img438.png,1
img439.png,1
img440.png,1
img528.png,0
img529.png,0
img530.png,0
img531.png,0
img532.png,0
img533.png,0
img534.png,0
img535.png,0
img536.png,0
img537.png,0
img538.png,0
img539.png,0
img540.png,0
img541.png,0
img542.png,0
img543.png,0
img544.png,0
img545.png,0
img546.png,0
img547.png,0
img548.png,0
img549.png,0
img550.png,0
img551.png,0
img552.png,0
img553.png,0
img554.png,0
img555.png,0
img556.png,0
img557.png,0
img558.png,0
img559.png,0
img560.png,0
img561.png,0
img562.png,0
img563.png,1
img564.png,1
img565.png,1
img566.png,1
img567.png,1
img568.png,1
img569.png,1
img570.png,1
img571.png,1
img572.png,1
img576.png,1
img577.png,1
img578.png,1
img579.png,1
img580.png,1
img581.png,1
img582.png,1
img583.png,1
img584.png,1
img585.png,1
img586.png,1
img587.png,1
img588.png,1
img589.png,1
img590.png,1
img591.png,1
img592.png,1
img593.png,1
img594.png,1
img595.png,1
img596.png,1
img671.png,0
img672.png,0
img673.png,0
img674.png,0
img675.png,0
img676.png,0
img677.png,0
img678.png,0
img679.png,0
img680.png,0
img681.png,0
img682.png,0
img683.png,0
img684.png,0
img685.png,0
img686.png,0
img687.png,0
img688.png,0
img689.png,0
img690.png,0
img691.png,0
img692.png,0
img693.png,0
img694.png,0
img695.png,0
img696.png,0
img697.png,0
img698.png,0
img699.png,0
img700.png,0
img701.png,0
img702.png,0
img703.png,0
img704.png,0
img705.png,0
img706.png,1
img707.png,1
img708.png,1
img709.png,1
img710.png,1
img711.png,1
img712.png,1
img713.png,1
img714.png,1
img715.png,1
img716.png,1
img719.png,1
img720.png,1
img721.png,1
img722.png,1
img723.png,1
img724.png,1
img725.png,1
img726.png,1
img727.png,1
img728.png,1
img729.png,1
img730.png,1
img731.png,1
img732.png,1
img733.png,1
img734.png,1
img735.png,1
img736.png,1
img737.png,1
img738.png,1
img739.png,1
img740.png,1
img792.png,0
img793.png,0
img794.png,0
img795.png,0
img796.png,0
img797.png,0
img798.png,0
img799.png,0
img800.png,0
img801.png,0
img802.png,0
img803.png,0
img804.png,0
img805.png,0
img806.png,0
img807.png,0
img808.png,0
img809.png,0
img810.png,0
img811.png,0
img812.png,0
img813.png,0
img814.png,0
img815.png,0
img816.png,0
img817.png,0
img818.png,0
img819.png,0
img820.png,0
img821.png,0
img822.png,0
img823.png,0
img824.png,0
img825.png,0
img826.png,0
img827.png,0
img828.png,0
img829.png,0
img830.png,0
img831.png,0
img832.png,0
img833.png,0
img834.png,0
img835.png,0
img836.png,0
img837.png,0
img838.png,0
img839.png,0
img840.png,0
img841.png,0
img842.png,0
img843.png,0
img844.png,0
img845.png,0
img846.png,0
img847.png,0
img848.png,0
img849.png,0
img850.png,0
img851.png,0
img852.png,0
img853.png,0
img854.png,0
img855.png,0
img856.png,0
img857.png,0
img858.png,0
img859.png,0
img860.png,0
img861.png,0
img862.png,0
img863.png,1
img864.png,1
img865.png,1
img866.png,1
img867.png,1
img868.png,1
img869.png,1
img870.png,1
img871.png,1
img872.png,1
img873.png,1
img874.png,1
img875.png,1
img876.png,1
img877.png,1
img878.png,1
img879.png,1
img880.png,1
img881.png,1
img882.png,1
img883.png,1
img884.png,1
img885.png,1
img886.png,1
img887.png,1
img888.png,1
img889.png,1
img890.png,1
img891.png,1
img892.png,1
img893.png,1
img894.png,1
img895.png,1
img896.png,1
img981.png,0
img982.png,0
img983.png,0
img984.png,0
img985.png,0
img986.png,0
img987.png,0
img988.png,0
img989.png,0
img990.png,0
img991.png,0
img992.png,0
img993.png,0
img994.png,0
img995.png,0
img996.png,0
img997.png,0
img998.png,0
img999.png,0
img1000.png,0
img1001.png,0
img1002.png,0
img1003.png,0
img1004.png,0
img1005.png,0
img1006.png,0
img1007.png,0
img1008.png,0
img1009.png,0
img1010.png,0
img1011.png,0
img1012.png,0
img1013.png,0
img1014.png,0
img1015.png,0
img1016.png,0
img1017.png,0
img1018.png,0
img1019.png,0
img1020.png,0
img1021.png,0
img1022.png,0
img1023.png,0
img1024.png,0
img1025.png,0
img1026.png,0
img1027.png,0
img1028.png,0
img1029.png,0
img1030.png,0
img1031.png,0
img1032.png,0
img1033.png,0
img1034.png,0
img1035.png,0
img1036.png,0
img1037.png,0
img1038.png,0
img1039.png,0
img1040.png,0
img1041.png,0
img1042.png,0
img1043.png,0
img1044.png,0
img1045.png,0
img1046.png,0
img1047.png,0
img1048.png,0
img1049.png,0
img1050.png,0
img1051.png,0
img1052.png,0
img1053.png,0
img1054.png,0
img1055.png,0
img1056.png,0
img1057.png,0
img1058.png,0
img1059.png,0
img1060.png,0
img1061.png,0
img1062.png,0
img1063.png,0
img1064.png,0
img1065.png,0
img1066.png,0
img1067.png,0
img1068.png,0
img1069.png,0
img1070.png,0
img1071.png,0
img1072.png,0
img1073.png,0
img1074.png,0
img1075.png,0
img1076.png,0
img1077.png,0
img1078.png,0
img1079.png,0
img1080.png,1
img1081.png,1
img1082.png,1
img1083.png,1
img1084.png,1
img1085.png,1
img1086.png,1
img1087.png,1
img1088.png,1
img1089.png,1
img1092.png,1
img1093.png,1
img1094.png,1
img1095.png,1
img1096.png,1
img1097.png,1
img1098.png,1
img1099.png,1
img1100.png,1
img1101.png,1
img1102.png,1
img1103.png,1
img1104.png,1
img1105.png,1
img1106.png,1
img1107.png,1
img1108.png,1
img1109.png,1
img1110.png,1
img1111.png,1
img1112.png,1
img1113.png,1
img1200.png,0
img1201.png,0
img1202.png,0
img1203.png,0
img1204.png,0
img1205.png,0
img1206.png,0
img1207.png,0
img1208.png,0
img1209.png,0
img1210.png,0
img1211.png,0
img1212.png,0
img1213.png,0
img1214.png,0
img1215.png,0
img1216.png,0
img1217.png,0
img1218.png,0
img1219.png,0
img1220.png,0
img1221.png,0
img1222.png,0
img1223.png,0
img1224.png,0
img1225.png,0
img1226.png,0
img1227.png,0
img1228.png,0
img1229.png,0
img1230.png,0
img1231.png,0
img1232.png,0
img1233.png,0
img1234.png,0
img1235.png,0
img1236.png,0
img1237.png,0
img1238.png,0
img1239.png,0
img1240.png,0
img1241.png,0
img1242.png,0
img1243.png,0
img1244.png,0
img1245.png,0
img1246.png,0
img1247.png,1
img1248.png,1
img1257.png,1
img1258.png,1
img1259.png,1
img1260.png,1
img1261.png,1
img1262.png,1
img1263.png,1
img1264.png,1
img1265.png,1
img1266.png,1
img1267.png,1
img1268.png,1
img1269.png,1
img1270.png,1
img1271.png,1
img1272.png,1
img1273.png,1
img1274.png,1
img1275.png,1
img1276.png,1
img1277.png,1
img1278.png,1
img1367.png,0
img1368.png,0
img1369.png,0
img1370.png,0
img1371.png,0
img1372.png,0
img1373.png,0
img1374.png,0
img1375.png,0
img1376.png,0
img1377.png,0
img1378.png,0
img1379.png,0
img1380.png,0
img1381.png,0
img1382.png,0
img1383.png,0
img1384.png,0
img1385.png,0
img1386.png,0
img1387.png,0
img1388.png,0
img1389.png,0
img1390.png,0
img1391.png,0
img1392.png,0
img1393.png,0
img1394.png,0
img1395.png,0
img1396.png,0
img1397.png,0
img1398.png,0
img1399.png,0
img1400.png,0
img1401.png,0
img1402.png,0
img1403.png,0
img1404.png,0
img1405.png,0
img1406.png,0
img1407.png,0
img1408.png,0
img1409.png,0
img1410.png,0
img1411.png,0
img1412.png,0
img1413.png,0
img1414.png,0
img1415.png,0
img1416.png,0
img1417.png,1
img1418.png,1
img1419.png,1
img1420.png,1
img1421.png,1
img1422.png,1
img1423.png,1
img1424.png,1
img1425.png,1
img1426.png,1
img1427.png,1
img1428.png,1
img1429.png,1
img1430.png,1
img1431.png,1
img1432.png,1
img1433.png,1
img1434.png,1
img1435.png,1
img1436.png,1
img1437.png,1
img1438.png,1
img1439.png,1
img1440.png,1
img1441.png,1
img1442.png,1
img1443.png,1
img1444.png,1
img1445.png,1
img1446.png,1
img1447.png,1
img1448.png,1
img1528.png,0
img1529.png,0
img1530.png,0
img1531.png,0
img1532.png,0
img1533.png,0
img1534.png,0
img1535.png,0
img1536.png,0
img1537.png,0
img1538.png,0
img1539.png,0
img1540.png,0
img1541.png,0
img1542.png,0
img1543.png,0
img1544.png,0
img1545.png,0
img1546.png,0
img1547.png,0
img1548.png,0
img1549.png,0
img1550.png,0
img1551.png,0
img1552.png,0
img1553.png,0
img1554.png,0
img1555.png,0
img1556.png,0
img1557.png,0
img1558.png,0
img1559.png,0
img1560.png,0
img1561.png,0
img1562.png,0
img1563.png,0
img1564.png,0
img1565.png,0
img1566.png,0
img1567.png,0
img1568.png,0
img1569.png,0
img1570.png,0
img1571.png,0
img1572.png,0
img1573.png,0
img1574.png,0
img1575.png,0
img1576.png,0
img1577.png,0
img1578.png,0
img1579.png,0
img1580.png,0
img1581.png,0
img1582.png,0
img1583.png,0
img1584.png,0
img1585.png,0
img1586.png,0
img1587.png,0
img1588.png,0
img1589.png,0
img1590.png,0
img1591.png,0
img1592.png,0
img1593.png,0
img1594.png,0
img1595.png,0
img1596.png,0
img1597.png,0
img1598.png,0
img1599.png,0
img1600.png,0
img1601.png,0
img1602.png,0
img1603.png,0
img1604.png,0
img1605.png,0
img1606.png,0
img1607.png,0
img1608.png,0
img1609.png,0
img1610.png,0
img1611.png,0
img1612.png,0
img1613.png,0
img1614.png,0
img1615.png,0
img1616.png,0
img1617.png,0
img1618.png,0
img1619.png,0
img1620.png,0
img1621.png,0
img1622.png,0
img1623.png,0
img1624.png,0
img1625.png,0
img1626.png,0
img1627.png,0
img1628.png,0
img1629.png,0
img1630.png,1
img1631.png,1
img1632.png,1
img1633.png,1
img1634.png,1
img1635.png,1
img1636.png,1
img1637.png,1
img1638.png,1
img1639.png,1
img1640.png,1
img1641.png,1
img1642.png,1
img1643.png,1
img1644.png,1
img1645.png,1
img1646.png,1
img1647.png,1
img1648.png,1
img1649.png,1
img1650.png,1
img1651.png,1
img1652.png,1
img1653.png,1
img1654.png,1
img1655.png,1
img1656.png,1
img1657.png,1
img1658.png,1
img1659.png,1
img1660.png,1
img1661.png,1
img1756.png,0
img1757.png,0
img1758.png,0
img1759.png,0
img1760.png,0
img1761.png,0
img1762.png,0
img1763.png,0
img1764.png,0
img1765.png,0
img1766.png,0
img1767.png,0
img1768.png,0
img1769.png,0
img1770.png,0
img1771.png,0
img1772.png,0
img1773.png,0
img1774.png,0
img1775.png,0
img1776.png,0
img1777.png,0
img1778.png,0
img1779.png,0
img1780.png,0
img1781.png,0
img1782.png,0
img1783.png,0
img1784.png,0
img1785.png,0
img1786.png,0
img1787.png,0
img1788.png,0
img1789.png,0
img1790.png,0
img1791.png,0
img1792.png,0
img1793.png,0
img1794.png,0
img1795.png,0
img1796.png,0
img1797.png,0
img1798.png,0
img1799.png,0
img1800.png,0
img1801.png,0
img1802.png,0
img1803.png,0
img1804.png,0
img1805.png,0
img1806.png,0
img1807.png,0
img1808.png,0
img1809.png,0
img1810.png,0
img1811.png,0
img1812.png,0
img1813.png,0
img1814.png,0
img1815.png,0
img1816.png,0
img1817.png,0
img1818.png,0
img1819.png,0
img1820.png,0
img1821.png,1
img1822.png,1
img1823.png,1
img1824.png,1
img1825.png,1
img1826.png,1
img1827.png,1
img1828.png,1
img1829.png,1
img1830.png,1
img1831.png,1
img1832.png,1
img1833.png,1
img1834.png,1
img1835.png,1
img1836.png,1
img1837.png,1
img1838.png,1
img1839.png,1
img1840.png,1
img1841.png,1
img1842.png,1
img1843.png,1
img1844.png,1
img1845.png,1
img1846.png,1
img1847.png,1
img1848.png,1
img1849.png,1
img1850.png,1
img1851.png,1
img1852.png,1
img1853.png,1
img1939.png,0
img1950.png,0