img12.png,0
img13.png,0
img14.png,0
img15.png,0
img16.png,0
img17.png,0
img18.png,0
img19.png,0
img20.png,0
img21.png,0
img22.png,0
img23.png,0
img24.png,0
img25.png,0
img26.png,0
img27.png,0
img28.png,0
img29.png,0
img30.png,0
img31.png,0
img32.png,0
img33.png,0
img34.png,0
img35.png,0
img36.png,0
img37.png,0
img38.png,0
img39.png,0
img40.png,0
img41.png,0
img42.png,0
img43.png,0
img44.png,0
img45.png,0
img46.png,0
img47.png,0
img48.png,0
img49.png,0
img50.png,0
img51.png,0
img52.png,0
img53.png,0
img54.png,0
img55.png,0
img56.png,0
img57.png,0
img58.png,0
img59.png,0
img60.png,0
img61.png,0
img62.png,0
img63.png,0
img64.png,0
img65.png,0
img66.png,0
img67.png,0
img68.png,0
img69.png,0
img70.png,0
img71.png,0
img72.png,0
img73.png,0
img74.png,0
img75.png,1
img76.png,1
img77.png,1
img78.png,1
img79.png,1
img80.png,1
img81.png,1
img82.png,1
img83.png,1
img84.png,1
img85.png,1
img86.png,1
img87.png,1
img88.png,1
img89.png,1
img90.png,1
img91.png,1
img92.png,1
img93.png,1
img94.png,1
img95.png,1
img96.png,1
img97.png,1
img98.png,1
img99.png,1
img100.png,1
img101.png,1
img102.png,1
img103.png,1
img104.png,1
img105.png,1
img106.png,1
img107.png,1
img108.png,1
img109.png,1
img110.png,1
img111.png,1
img112.png,1
img113.png,1
img114.png,1
img115.png,1
img116.png,1
img117.png,1
img118.png,1
img119.png,1
img120.png,1
img121.png,1
img122.png,1
img123.png,1
img124.png,1
img125.png,1
img126.png,1
img127.png,1
img128.png,1
img129.png,1
img130.png,1
img131.png,1
img132.png,1
img133.png,1
img134.png,1
img135.png,1
img136.png,1
img137.png,1
img138.png,1
img139.png,1
img140.png,1
img141.png,1
img142.png,1
img143.png,1
img144.png,1
img145.png,1
img146.png,1
img147.png,1
img148.png,1
img149.png,1
img150.png,1
img151.png,1
img152.png,1
img153.png,1
img154.png,1
img155.png,1
img156.png,1
img157.png,1
img158.png,1
img159.png,1
img160.png,1
img161.png,1
img162.png,1
img163.png,1
img164.png,1
img165.png,1
img166.png,1
img167.png,1
img168.png,1
img169.png,1
img170.png,1
img171.png,1
img172.png,1
img173.png,1
img174.png,1
img175.png,1
img176.png,1
img177.png,1
img178.png,1
img179.png,1
img180.png,1
img181.png,1
img182.png,1
img183.png,1
img184.png,1
img185.png,1
img186.png,1
img187.png,1
img188.png,1
img189.png,1
img190.png,1
img191.png,1
img192.png,1
img193.png,1
img194.png,1
img195.png,1
img196.png,1
img197.png,1
img198.png,1
img199.png,0
img200.png,0
img201.png,0
img202.png,0
img203.png,0
img204.png,0
img205.png,0
img206.png,0
img207.png,0
img208.png,0
img209.png,0
img210.png,0
img211.png,0
img212.png,0
img213.png,0
img214.png,0
img215.png,0
img216.png,0
img217.png,0
img218.png,0
img219.png,0
img220.png,0
img221.png,0
img222.png,0
img223.png,0
img224.png,0
img225.png,0
img226.png,0
img227.png,0
img228.png,0
img229.png,0
img230.png,0
img231.png,0
img232.png,0
img233.png,0
img234.png,0
img235.png,0
img236.png,0
img237.png,0
img238.png,0
img239.png,0
img240.png,0
img241.png,0
img242.png,0
img243.png,0
img244.png,0
img245.png,0
img246.png,0
img247.png,0
img248.png,0
img249.png,0
img250.png,0
img251.png,0
img252.png,0
img253.png,0
img254.png,0
img255.png,0
img256.png,0
img257.png,0
img258.png,0
img259.png,0
img260.png,0
img261.png,0
img262.png,0
img263.png,0
img264.png,0
img265.png,0
img266.png,0
img267.png,0
img268.png,0
img269.png,0
img270.png,0
img271.png,0
img272.png,0
img273.png,1
img274.png,1
img275.png,1
img276.png,1
img277.png,1
img278.png,1
img279.png,1
img280.png,1
img281.png,1
img282.png,1
img283.png,1
img284.png,1
img285.png,0
img287.png,1
img288.png,1
img289.png,1
img290.png,1
img291.png,1
img292.png,1
img293.png,1
img294.png,1
img295.png,1
img296.png,1
img297.png,1
img298.png,1
img299.png,1
img300.png,1
img301.png,1
img302.png,1
img303.png,1
img304.png,1
img305.png,1
img306.png,1
img307.png,1
img308.png,1
img309.png,1
img310.png,1
img311.png,1
img312.png,1
img313.png,1
img314.png,1
img315.png,1
img316.png,1
img317.png,1
img318.png,1
img319.png,1
img320.png,1
img321.png,1
img322.png,1
img323.png,1
img324.png,1
img325.png,1
img326.png,1
img327.png,1
img328.png,1
img329.png,1
img330.png,1
img331.png,1
img332.png,1
img333.png,1
img334.png,1
img335.png,1
img336.png,1
img337.png,1
img338.png,1
img339.png,1
img340.png,1
img341.png,1
img342.png,1
img343.png,1
img344.png,1
img345.png,1
img346.png,1
img347.png,1
img348.png,1
img349.png,1
img350.png,1
img351.png,1
img352.png,1
img353.png,1
img354.png,0
img355.png,0
img356.png,0
img357.png,0
img358.png,0
img359.png,0
img360.png,0
img361.png,0
img362.png,0
img363.png,0
img364.png,0
img365.png,0
img366.png,0
img367.png,0
img368.png,0
img369.png,0
img370.png,0
img371.png,0
img372.png,0
img373.png,0
img374.png,0
img375.png,0
img376.png,0
img377.png,0
img378.png,0
img379.png,0
img380.png,0
img381.png,0
img382.png,0
img383.png,0
img384.png,0
img385.png,0
img386.png,0
img387.png,0
img388.png,0
img389.png,0
img390.png,0
img391.png,0
img392.png,0
img393.png,0
img394.png,0
img395.png,0
img396.png,0
img397.png,0
img398.png,0
img399.png,0
img400.png,0
img401.png,0
img402.png,0
img403.png,0
img404.png,0
img405.png,0
img406.png,0
img407.png,0
img408.png,1
img409.png,1
img410.png,1
img411.png,1
img412.png,1
img413.png,1
img414.png,1
img415.png,1
img416.png,1
img417.png,1
img418.png,1
img419.png,1
img420.png,1
img421.png,1
img422.png,1
img423.png,1
img424.png,1
img425.png,1
img426.png,1
img427.png,1
img428.png,1
img429.png,1
img430.png,1
img431.png,1
img432.png,1
img433.png,1
img434.png,1
img435.png,1
img436.png,1
img437.png,1
img438.png,1
img439.png,1
img440.png,1
img441.png,1
img442.png,1
img443.png,1
img444.png,1
img445.png,1
img446.png,1
img447.png,1
img448.png,1
img449.png,1
img450.png,1
img451.png,1
img452.png,1
img453.png,1
img454.png,1
img455.png,1
img456.png,1
img457.png,1
img458.png,1
img459.png,1
img460.png,1
img461.png,1
img462.png,1
img463.png,1
img464.png,1
img465.png,1
img466.png,1
img467.png,1
img468.png,1
img469.png,1
img470.png,1
img471.png,1
img472.png,1
img473.png,1
img474.png,1
img475.png,1
img476.png,1
img477.png,1
img478.png,1
img479.png,1
img480.png,1
img481.png,1
img482.png,1
img483.png,1
img484.png,1
img485.png,1
img486.png,1
img487.png,1
img488.png,1
img489.png,1
img490.png,0
img491.png,0
img492.png,0
img493.png,0
img494.png,0
img495.png,0
img496.png,0
img497.png,0
img498.png,0
img499.png,0
img500.png,0
img501.png,0
img502.png,0
img503.png,0
img504.png,0
img505.png,0
img506.png,0
img507.png,0
img508.png,0
img509.png,0
img510.png,0
img511.png,0
img512.png,0
img513.png,0
img514.png,0
img515.png,0
img516.png,0
img517.png,0
img518.png,0
img519.png,0
img520.png,0
img521.png,0
img522.png,0
img523.png,0
img524.png,0
img525.png,0
img526.png,0
img527.png,0
img528.png,0
img529.png,0
img530.png,0
img531.png,0
img532.png,0
img533.png,0
img534.png,0
img535.png,0
img536.png,0
img537.png,0
img538.png,0
img539.png,0
img540.png,0
img541.png,0
img542.png,0
img543.png,0
img544.png,0
img545.png,0
img546.png,0
img547.png,0
img548.png,0
img549.png,0
img550.png,0
img551.png,0
img552.png,0
img553.png,0
img554.png,0
img555.png,0
img556.png,0
img557.png,0
img558.png,0
img559.png,0
img560.png,0
img561.png,0
img562.png,0
img563.png,1
img564.png,1
img565.png,1
img566.png,1
img567.png,1
img568.png,1
img569.png,1
img570.png,1
img571.png,1
img572.png,1
img576.png,1
img577.png,1
img578.png,1
img579.png,1
img580.png,1
img581.png,1
img582.png,1
img583.png,1
img584.png,1
img585.png,1
img586.png,1
img587.png,1
img588.png,1
img589.png,1
img590.png,1
img591.png,1
img592.png,1
img593.png,1
img594.png,1
img595.png,1
img596.png,1
img597.png,1
img598.png,1
img599.png,1
img600.png,1
img601.png,1
img602.png,1
img603.png,1
img604.png,1
img605.png,1
img606.png,1
img607.png,1
img608.png,1
img609.png,1
img610.png,1
img611.png,1
img612.png,1
img613.png,1
img614.png,1
img615.png,1
img616.png,1
img617.png,1
img618.png,1
img619.png,1
img620.png,1
img621.png,1
img622.png,1
img623.png,1
img624.png,1
img625.png,1
img626.png,1
img627.png,1
img628.png,1
img629.png,1
img630.png,1
img631.png,1
img632.png,1
img633.png,1
img634.png,0
img635.png,0
img636.png,0
img637.png,0
img638.png,0
img639.png,0
img640.png,0
img641.png,0
img642.png,0
img643.png,0
img644.png,0
img645.png,0
img646.png,0
img647.png,0
img648.png,0
img649.png,0
img650.png,0
img651.png,0
img652.png,0
img653.png,0
img654.png,0
img655.png,0
img656.png,0
img657.png,0
img658.png,0
img659.png,0
img660.png,0
img661.png,0
img662.png,0
img663.png,0
img664.png,0
img665.png,0
img666.png,0
img667.png,0
img668.png,0
img669.png,0
img670.png,0
img671.png,0
img672.png,0
img673.png,0
img674.png,0
img675.png,0
img676.png,0
img677.png,0
img678.png,0
img679.png,0
img680.png,0
img681.png,0
img682.png,0
img683.png,0
img684.png,0
img685.png,0
img686.png,0
img687.png,0
img688.png,0
img689.png,0
img690.png,0
img691.png,0
img692.png,0
img693.png,0
img694.png,0
img695.png,0
img696.png,0
img697.png,0
img698.png,0
img699.png,0
img700.png,0
img701.png,0
img702.png,0
img703.png,0
img704.png,0
img705.png,0
img706.png,1
img707.png,1
img708.png,1
img709.png,1
img710.png,1
img711.png,1
img712.png,1
img713.png,1
img714.png,1
img715.png,1
img716.png,1
img719.png,1
img720.png,1
img721.png,1
img722.png,1
img723.png,1
img724.png,1
img725.png,1
img726.png,1
img727.png,1
img728.png,1
img729.png,1
img730.png,1
img731.png,1
img732.png,1
img733.png,1
img734.png,1
img735.png,1
img736.png,1
img737.png,1
img738.png,1
img739.png,1
img740.png,1
img741.png,1
img742.png,1
img743.png,1
img744.png,1
img745.png,1
img746.png,1
img747.png,1
img748.png,1
img749.png,1
img750.png,1
img751.png,1
img752.png,1
img753.png,1
img754.png,1
img755.png,1
img756.png,1
img757.png,1
img758.png,1
img759.png,1
img760.png,1
img761.png,1
img762.png,1
img763.png,1
img764.png,1
img765.png,1
img766.png,1
img767.png,1
img768.png,1
img769.png,1
img770.png,1
img771.png,1
img772.png,1
img773.png,1
img774.png,1
img775.png,1
img776.png,1
img777.png,1
img778.png,1
img779.png,1
img780.png,1
img781.png,1
img782.png,1
img783.png,1
img784.png,1
img785.png,0
img786.png,0
img787.png,0
img788.png,0
img789.png,0
img790.png,0
img791.png,0
img792.png,0
img793.png,0
img794.png,0
img795.png,0
img796.png,0
img797.png,0
img798.png,0
img799.png,0
img800.png,0
img801.png,0
img802.png,0
img803.png,0
img804.png,0
img805.png,0
img806.png,0
img807.png,0
img808.png,0
img809.png,0
img810.png,0
img811.png,0
img812.png,0
img813.png,0
img814.png,0
img815.png,0
img816.png,0
img817.png,0
img818.png,0
img819.png,0
img820.png,0
img821.png,0
img822.png,0
img823.png,0
img824.png,0
img825.png,0
img826.png,0
img827.png,0
img828.png,0
img829.png,0
img830.png,0
img831.png,0
img832.png,0
img833.png,0
img834.png,0
img835.png,0
img836.png,0
img837.png,0
img838.png,0
img839.png,0
img840.png,0
img841.png,0
img842.png,0
img843.png,0
img844.png,0
img845.png,0
img846.png,0
img847.png,0
img848.png,0
img849.png,0
img850.png,0
img851.png,0
img852.png,0
img853.png,0
img854.png,0
img855.png,0
img856.png,0
img857.png,0
img858.png,0
img859.png,0
img860.png,0
img861.png,0
img862.png,0
img863.png,1
img864.png,1
img865.png,1
img866.png,1
img867.png,1
img868.png,1
img869.png,1
img870.png,1
img871.png,1
img872.png,1
img873.png,1
img874.png,1
img875.png,1
img876.png,1
img877.png,1
img878.png,1
img879.png,1
img880.png,1
img881.png,1
img882.png,1
img883.png,1
img884.png,1
img885.png,1
img886.png,1
img887.png,1
img888.png,1
img889.png,1
img890.png,1
img891.png,1
img892.png,1
img893.png,1
img894.png,1
img895.png,1
img896.png,1
img897.png,1
img898.png,1
img899.png,1
img900.png,1
img901.png,1
img902.png,1
img903.png,1
img904.png,1
img905.png,1
img906.png,1
img907.png,1
img908.png,1
img909.png,1
img910.png,1
img911.png,1
img912.png,1
img913.png,1
img914.png,1
img915.png,1
img916.png,1
img917.png,1
img918.png,1
img919.png,1
img920.png,1
img921.png,1
img922.png,1
img923.png,1
img924.png,1
img925.png,1
img926.png,1
img927.png,1
img928.png,1
img929.png,1
img930.png,1
img931.png,1
img932.png,1
img933.png,1
img934.png,1
img935.png,1
img936.png,1
img937.png,1
img938.png,1
img939.png,1
img940.png,1
img941.png,1
img942.png,1
img943.png,0
img944.png,0
img945.png,0
img946.png,0
img947.png,0
img948.png,0
img949.png,0
img950.png,0
img951.png,0
img952.png,0
img953.png,0
img954.png,0
img955.png,0
img956.png,0
img957.png,0
img958.png,0
img959.png,0
img960.png,0
img961.png,0
img962.png,0
img963.png,0
img964.png,0
img965.png,0
img966.png,0
img967.png,0
img968.png,0
img969.png,0
img970.png,0
img971.png,0
img972.png,0
img973.png,0
img974.png,0
img975.png,0
img976.png,0
img977.png,0
img978.png,0
img979.png,0
img980.png,0
img981.png,0
img982.png,0
img983.png,0
img984.png,0
img985.png,0
img986.png,0
img987.png,0
img988.png,0
img989.png,0
img990.png,0
img991.png,0
img992.png,0
img993.png,0
img994.png,0
img995.png,0
img996.png,0
img997.png,0
img998.png,0
img999.png,0
img1000.png,0
img1001.png,0
img1002.png,0
img1003.png,0
img1004.png,0
img1005.png,0
img1006.png,0
img1007.png,0
img1008.png,0
img1009.png,0
img1010.png,0
img1011.png,0
img1012.png,0
img1013.png,0
img1014.png,0
img1015.png,0
img1016.png,0
img1017.png,0
img1018.png,0
img1019.png,0
img1020.png,0
img1021.png,0
img1022.png,0
img1023.png,0
img1024.png,0
img1025.png,0
img1026.png,0
img1027.png,0
img1028.png,0
img1029.png,0
img1030.png,0
img1031.png,0
img1032.png,0
img1033.png,0
img1034.png,0
img1035.png,0
img1036.png,0
img1037.png,0
img1038.png,0
img1039.png,0
img1040.png,0
img1041.png,0
img1042.png,0
img1043.png,0
img1044.png,0
img1045.png,0
img1046.png,0
img1047.png,0
img1048.png,0
img1049.png,0
img1050.png,0
img1051.png,0
img1052.png,0
img1053.png,0
img1054.png,0
img1055.png,0
img1056.png,0
img1057.png,0
img1058.png,0
img1059.png,0
img1060.png,0
img1061.png,0
img1062.png,0
img1063.png,0
img1064.png,0
img1065.png,0
img1066.png,0
img1067.png,0
img1068.png,0
img1069.png,0
img1070.png,0
img1071.png,0
img1072.png,0
img1073.png,0
img1074.png,0
img1075.png,0
img1076.png,0
img1077.png,0
img1078.png,0
img1079.png,0
img1080.png,1
img1081.png,1
img1082.png,1
img1083.png,1
img1084.png,1
img1085.png,1
img1086.png,1
img1087.png,1
img1088.png,1
img1089.png,1
img1092.png,1
img1093.png,1
img1094.png,1
img1095.png,1
img1096.png,1
img1097.png,1
img1098.png,1
img1099.png,1
img1100.png,1
img1101.png,1
img1102.png,1
img1103.png,1
img1104.png,1
img1105.png,1
img1106.png,1
img1107.png,1
img1108.png,1
img1109.png,1
img1110.png,1
img1111.png,1
img1112.png,1
img1113.png,1
img1114.png,1
img1115.png,1
img1116.png,1
img1117.png,1
img1118.png,1
img1119.png,1
img1120.png,1
img1121.png,1
img1122.png,1
img1123.png,1
img1124.png,1
img1125.png,1
img1126.png,1
img1127.png,1
img1128.png,1
img1129.png,1
img1130.png,1
img1131.png,1
img1132.png,1
img1133.png,1
img1134.png,1
img1135.png,1
img1136.png,1
img1137.png,1
img1138.png,1
img1139.png,1
img1140.png,1
img1141.png,1
img1142.png,1
img1143.png,1
img1144.png,1
img1145.png,1
img1146.png,1
img1147.png,1
img1148.png,1
img1149.png,1
img1150.png,1
img1151.png,1
img1152.png,1
img1153.png,1
img1154.png,1
img1155.png,1
img1156.png,1
img1157.png,1
img1158.png,1
img1159.png,1
img1160.png,1
img1161.png,0
img1162.png,0
img1163.png,0
img1164.png,0
img1165.png,0
img1166.png,0
img1167.png,0
img1168.png,0
img1169.png,0
img1170.png,0
img1171.png,0
img1172.png,0
img1173.png,0
img1174.png,0
img1175.png,0
img1176.png,0
img1177.png,0
img1178.png,0
img1179.png,0
img1180.png,0
img1181.png,0
img1182.png,0
img1183.png,0
img1184.png,0
img1185.png,0
img1186.png,0
img1187.png,0
img1188.png,0
img1189.png,0
img1190.png,0
img1191.png,0
img1192.png,0
img1193.png,0
img1194.png,0
img1195.png,0
img1196.png,0
img1197.png,0
img1198.png,0
img1199.png,0
img1200.png,0
img1201.png,0
img1202.png,0
img1203.png,0
img1204.png,0
img1205.png,0
img1206.png,0
img1207.png,0
img1208.png,0
img1209.png,0
img1210.png,0
img1211.png,0
img1212.png,0
img1213.png,0
img1214.png,0
img1215.png,0
img1216.png,0
img1217.png,0
img1218.png,0
img1219.png,0
img1220.png,0
img1221.png,0
img1222.png,0
img1223.png,0
img1224.png,0
img1225.png,0
img1226.png,0
img1227.png,0
img1228.png,0
img1229.png,0
img1230.png,0
img1231.png,0
img1232.png,0
img1233.png,0
img1234.png,0
img1235.png,0
img1236.png,0
img1237.png,0
img1238.png,0
img1239.png,0
img1240.png,0
img1241.png,0
img1242.png,0
img1243.png,0
img1244.png,0
img1245.png,0
img1246.png,0
img1247.png,1
img1248.png,1
img1257.png,1
img1258.png,1
img1259.png,1
img1260.png,1
img1261.png,1
img1262.png,1
img1263.png,1
img1264.png,1
img1265.png,1
img1266.png,1
img1267.png,1
img1268.png,1
img1269.png,1
img1270.png,1
img1271.png,1
img1272.png,1
img1273.png,1
img1274.png,1
img1275.png,1
img1276.png,1
img1277.png,1
img1278.png,1
img1279.png,1
img1280.png,1
img1281.png,1
img1282.png,1
img1283.png,1
img1284.png,1
img1285.png,1
img1286.png,1
img1287.png,1
img1288.png,1
img1289.png,1
img1290.png,1
img1291.png,1
img1292.png,1
img1293.png,1
img1294.png,1
img1295.png,1
img1296.png,1
img1297.png,1
img1298.png,1
img1299.png,1
img1300.png,1
img1301.png,1
img1302.png,1
img1303.png,1
img1304.png,1
img1305.png,1
img1306.png,1
img1307.png,1
img1308.png,1
img1309.png,1
img1310.png,1
img1311.png,1
img1312.png,1
img1313.png,1
img1314.png,1
img1315.png,1
img1316.png,1
img1317.png,1
img1318.png,1
img1319.png,1
img1320.png,1
img1321.png,1
img1322.png,1
img1323.png,1
img1324.png,1
img1325.png,1
img1326.png,1
img1327.png,1
img1328.png,1
img1329.png,1
img1330.png,0
img1331.png,0
img1332.png,0
img1333.png,0
img1334.png,0
img1335.png,0
img1336.png,0
img1337.png,0
img1338.png,0
img1339.png,0
img1340.png,0
img1341.png,0
img1342.png,0
img1343.png,0
img1344.png,0
img1345.png,0
img1346.png,0
img1347.png,0
img1348.png,0
img1349.png,0
img1350.png,0
img1351.png,0
img1352.png,0
img1353.png,0
img1354.png,0
img1355.png,0
img1356.png,0
img1357.png,0
img1358.png,0
img1359.png,0
img1360.png,0
img1361.png,0
img1362.png,0
img1363.png,0
img1364.png,0
img1365.png,0
img1366.png,0
img1367.png,0
img1368.png,0
img1369.png,0
img1370.png,0
img1371.png,0
img1372.png,0
img1373.png,0
img1374.png,0
img1375.png,0
img1376.png,0
img1377.png,0
img1378.png,0
img1379.png,0
img1380.png,0
img1381.png,0
img1382.png,0
img1383.png,0
img1384.png,0
img1385.png,0
img1386.png,0
img1387.png,0
img1388.png,0
img1389.png,0
img1390.png,0
img1391.png,0
img1392.png,0
img1393.png,0
img1394.png,0
img1395.png,0
img1396.png,0
img1397.png,0
img1398.png,0
img1399.png,0
img1400.png,0
img1401.png,0
img1402.png,0
img1403.png,0
img1404.png,0
img1405.png,0
img1406.png,0
img1407.png,0
img1408.png,0
img1409.png,0
img1410.png,0
img1411.png,0
img1412.png,0
img1413.png,0
img1414.png,0
img1415.png,0
img1416.png,0
img1417.png,1
img1418.png,1
img1419.png,1
img1420.png,1
img1421.png,1
img1422.png,1
img1423.png,1
img1424.png,1
img1425.png,1
img1426.png,1
img1427.png,1
img1428.png,1
img1429.png,1
img1430.png,1
img1431.png,1
img1432.png,1
img1433.png,1
img1434.png,1
img1435.png,1
img1436.png,1
img1437.png,1
img1438.png,1
img1439.png,1
img1440.png,1
img1441.png,1
img1442.png,1
img1443.png,1
img1444.png,1
img1445.png,1
img1446.png,1
img1447.png,1
img1448.png,1
img1449.png,1
img1450.png,1
img1451.png,1
img1452.png,1
img1453.png,1
img1454.png,1
img1455.png,1
img1456.png,1
img1457.png,1
img1458.png,1
img1459.png,1
img1460.png,1
img1461.png,1
img1462.png,1
img1463.png,1
img1464.png,1
img1465.png,1
img1466.png,1
img1467.png,1
img1468.png,1
img1469.png,1
img1470.png,1
img1471.png,1
img1472.png,1
img1473.png,1
img1474.png,1
img1475.png,1
img1476.png,1
img1477.png,1
img1478.png,1
img1479.png,1
img1480.png,1
img1481.png,1
img1482.png,1
img1483.png,1
img1484.png,1
img1485.png,1
img1486.png,1
img1487.png,1
img1488.png,1
img1489.png,1
img1490.png,1
img1491.png,1
img1492.png,1
img1493.png,1
img1494.png,0
img1495.png,0
img1496.png,0
img1497.png,0
img1498.png,0
img1499.png,0
img1500.png,0
img1501.png,0
img1502.png,0
img1503.png,0
img1504.png,0
img1505.png,0
img1506.png,0
img1507.png,0
img1508.png,0
img1509.png,0
img1510.png,0
img1511.png,0
img1512.png,0
img1513.png,0
img1514.png,0
img1515.png,0
img1516.png,0
img1517.png,0
img1518.png,0
img1519.png,0
img1520.png,0
img1521.png,0
img1522.png,0
img1523.png,0
img1524.png,0
img1525.png,0
img1526.png,0
img1527.png,0
img1528.png,0
img1529.png,0
img1530.png,0
img1531.png,0
img1532.png,0
img1533.png,0
img1534.png,0
img1535.png,0
img1536.png,0
img1537.png,0
img1538.png,0
img1539.png,0
img1540.png,0
img1541.png,0
img1542.png,0
img1543.png,0
img1544.png,0
img1545.png,0
img1546.png,0
img1547.png,0
img1548.png,0
img1549.png,0
img1550.png,0
img1551.png,0
img1552.png,0
img1553.png,0
img1554.png,0
img1555.png,0
img1556.png,0
img1557.png,0
img1558.png,0
img1559.png,0
img1560.png,0
img1561.png,0
img1562.png,0
img1563.png,0
img1564.png,0
img1565.png,0
img1566.png,0
img1567.png,0
img1568.png,0
img1569.png,0
img1570.png,0
img1571.png,0
img1572.png,0
img1573.png,0
img1574.png,0
img1575.png,0
img1576.png,0
img1577.png,0
img1578.png,0
img1579.png,0
img1580.png,0
img1581.png,0
img1582.png,0
img1583.png,0
img1584.png,0
img1585.png,0
img1586.png,0
img1587.png,0
img1588.png,0
img1589.png,0
img1590.png,0
img1591.png,0
img1592.png,0
img1593.png,0
img1594.png,0
img1595.png,0
img1596.png,0
img1597.png,0
img1598.png,0
img1599.png,0
img1600.png,0
img1601.png,0
img1602.png,0
img1603.png,0
img1604.png,0
img1605.png,0
img1606.png,0
img1607.png,0
img1608.png,0
img1609.png,0
img1610.png,0
img1611.png,0
img1612.png,0
img1613.png,0
img1614.png,0
img1615.png,0
img1616.png,0
img1617.png,0
img1618.png,0
img1619.png,0
img1620.png,0
img1621.png,0
img1622.png,0
img1623.png,0
img1624.png,0
img1625.png,0
img1626.png,0
img1627.png,0
img1628.png,0
img1629.png,0
img1630.png,1
img1631.png,1
img1632.png,1
img1633.png,1
img1634.png,1
img1635.png,1
img1636.png,1
img1637.png,1
img1638.png,1
img1639.png,1
img1640.png,1
img1641.png,1
img1642.png,1
img1643.png,1
img1644.png,1
img1645.png,1
img1646.png,1
img1647.png,1
img1648.png,1
img1649.png,1
img1650.png,1
img1651.png,1
img1652.png,1
img1653.png,1
img1654.png,1
img1655.png,1
img1656.png,1
img1657.png,1
img1658.png,1
img1659.png,1
img1660.png,1
img1661.png,1
img1662.png,1
img1663.png,1
img1664.png,1
img1665.png,1
img1666.png,1
img1667.png,1
img1668.png,1
img1669.png,1
img1670.png,1
img1671.png,1
img1672.png,1
img1673.png,1
img1674.png,1
img1675.png,1
img1676.png,1
img1677.png,1
img1678.png,1
img1679.png,1
img1680.png,1
img1681.png,1
img1682.png,1
img1683.png,1
img1684.png,1
img1685.png,1
img1686.png,1
img1687.png,1
img1688.png,1
img1689.png,1
img1690.png,1
img1691.png,1
img1692.png,1
img1693.png,1
img1694.png,1
img1695.png,1
img1696.png,1
img1697.png,1
img1698.png,1
img1699.png,1
img1700.png,1
img1701.png,1
img1702.png,1
img1703.png,1
img1704.png,1
img1705.png,1
img1706.png,1
img1707.png,1
img1708.png,1
img1709.png,1
img1710.png,1
img1711.png,1
img1712.png,1
img1713.png,1
img1714.png,1
img1715.png,0
img1716.png,0
img1717.png,0
img1718.png,0
img1719.png,0
img1720.png,0
img1721.png,0
img1722.png,0
img1723.png,0
img1724.png,0
img1725.png,0
img1726.png,0
img1727.png,0
img1728.png,0
img1729.png,0
img1730.png,0
img1731.png,0
img1732.png,0
img1733.png,0
img1734.png,0
img1735.png,0
img1736.png,0
img1737.png,0
img1738.png,0
img1739.png,0
img1740.png,0
img1741.png,0
img1742.png,0
img1743.png,0
img1744.png,0
img1745.png,0
img1746.png,0
img1747.png,0
img1748.png,0
img1749.png,0
img1750.png,0
img1751.png,0
img1752.png,0
img1753.png,0
img1754.png,0
img1755.png,0
img1756.png,0
img1757.png,0
img1758.png,0
img1759.png,0
img1760.png,0
img1761.png,0
img1762.png,0
img1763.png,0
img1764.png,0
img1765.png,0
img1766.png,0
img1767.png,0
img1768.png,0
img1769.png,0
img1770.png,0
img1771.png,0
img1772.png,0
img1773.png,0
img1774.png,0
img1775.png,0
img1776.png,0
img1777.png,0
img1778.png,0
img1779.png,0
img1780.png,0
img1781.png,0
img1782.png,0
img1783.png,0
img1784.png,0
img1785.png,0
img1786.png,0
img1787.png,0
img1788.png,0
img1789.png,0
img1790.png,0
img1791.png,0
img1792.png,0
img1793.png,0
img1794.png,0
img1795.png,0
img1796.png,0
img1797.png,0
img1798.png,0
img1799.png,0
img1800.png,0
img1801.png,0
img1802.png,0
img1803.png,0
img1804.png,0
img1805.png,0
img1806.png,0
img1807.png,0
img1808.png,0
img1809.png,0
img1810.png,0
img1811.png,0
img1812.png,0
img1813.png,0
img1814.png,0
img1815.png,0
img1816.png,0
img1817.png,0
img1818.png,0
img1819.png,0
img1820.png,0
img1821.png,1
img1822.png,1
img1823.png,1
img1824.png,1
img1825.png,1
img1826.png,1
img1827.png,1
img1828.png,1
img1829.png,1
img1830.png,1
img1831.png,1
img1832.png,1
img1833.png,1
img1834.png,1
img1835.png,1
img1836.png,1
img1837.png,1
img1838.png,1
img1839.png,1
img1840.png,1
img1841.png,1
img1842.png,1
img1843.png,1
img1844.png,1
img1845.png,1
img1846.png,1
img1847.png,1
img1848.png,1
img1849.png,1
img1850.png,1
img1851.png,1
img1852.png,1
img1853.png,1
img1854.png,1
img1855.png,1
img1856.png,1
img1857.png,1
img1858.png,1
img1859.png,1
img1860.png,1
img1861.png,1
img1862.png,1
img1863.png,1
img1864.png,1
img1865.png,1
img1866.png,1
img1867.png,1
img1868.png,1
img1869.png,1
img1870.png,1
img1871.png,1
img1872.png,1
img1873.png,1
img1874.png,1
img1875.png,1
img1876.png,1
img1877.png,1
img1878.png,1
img1879.png,1
img1880.png,1
img1881.png,1
img1882.png,1
img1883.png,1
img1884.png,1
img1885.png,1
img1886.png,1
img1887.png,1
img1888.png,1
img1889.png,1
img1890.png,1
img1891.png,1
img1892.png,1
img1893.png,1
img1894.png,1
img1895.png,1
img1896.png,1
img1897.png,1
img1898.png,1
img1899.png,1
img1900.png,1
img1901.png,1
img1902.png,1
img1903.png,1
img1904.png,1
img1905.png,1
img1906.png,1
img1907.png,1
img1908.png,1
img1909.png,1
img1910.png,1
img1911.png,1
img1912.png,1
img1913.png,1
img1914.png,1
img1915.png,1
img1916.png,1
img1917.png,1
img1918.png,1
img1919.png,1
img1920.png,1
img1921.png,1
img1922.png,1
img1923.png,1
img1924.png,1
img1925.png,1
img1926.png,0
img1927.png,0
img1928.png,0
img1929.png,0
img1930.png,0
img1931.png,0
img1932.png,0
img1933.png,0
img1934.png,0
img1935.png,0
img1936.png,0
img1937.png,0
img1938.png,0
img1939.png,0
img1940.png,0
img1941.png,0
img1942.png,0
img1943.png,0
img1944.png,0
img1945.png,0
img1946.png,0
img1947.png,0
img1948.png,0
img1949.png,0
img1950.png,0